<?xml version='1.0' encoding='UTF-8'?>
<commonRoad timeStepSize="0.1" commonRoadVersion="2020a" author="Moritz Klischat" affiliation="Technical University of Munich" source="Specification-based scenario synthesis" benchmarkID="ZAM_Zip-1_33_I-1-1" date="2020-12-18">
  <location>
    <geoNameId>-999</geoNameId>
    <gpsLatitude>999</gpsLatitude>
    <gpsLongitude>999</gpsLongitude>
  </location>
  <scenarioTags>
    <single_lane/>
    <merging_lanes/>
    <highway/>
    <lane_change/>
    <parallel_lanes/>
  </scenarioTags>
  <lanelet id="24">
    <leftBound>
      <point>
        <x>-0.54676909</x>
        <y>7.4288489</y>
      </point>
      <point>
        <x>72.917533</x>
        <y>6.5932609</y>
      </point>
      <point>
        <x>146.40095</x>
        <y>5.7567703</y>
      </point>
    </leftBound>
    <rightBound>
      <point>
        <x>-0.6249579</x>
        <y>3.9306584</y>
      </point>
      <point>
        <x>72.877686</x>
        <y>3.0934538</y>
      </point>
      <point>
        <x>146.36111</x>
        <y>2.2570626</y>
      </point>
    </rightBound>
    <predecessor ref="27"/>
    <predecessor ref="28"/>
    <laneletType>unknown</laneletType>
    <trafficSignRef ref="29"/>
  </lanelet>
  <lanelet id="25">
    <leftBound>
      <point>
        <x>-181.0</x>
        <y>10.456633</y>
      </point>
      <point>
        <x>-59.707563</x>
        <y>10.715943</y>
      </point>
      <point>
        <x>-21.318311</x>
        <y>10.973786</y>
      </point>
    </leftBound>
    <rightBound>
      <point>
        <x>-180.97641</x>
        <y>6.9566943</y>
      </point>
      <point>
        <x>-59.683878</x>
        <y>7.215994</y>
      </point>
      <point>
        <x>-21.374636</x>
        <y>7.4760123</y>
      </point>
    </rightBound>
    <successor ref="28"/>
    <adjacentRight ref="26" drivingDir="same"/>
    <laneletType>unknown</laneletType>
    <trafficSignRef ref="30"/>
  </lanelet>
  <lanelet id="26">
    <leftBound>
      <point>
        <x>-180.97641</x>
        <y>6.9566943</y>
      </point>
      <point>
        <x>-59.683878</x>
        <y>7.215994</y>
      </point>
      <point>
        <x>-21.374636</x>
        <y>7.4760123</y>
      </point>
    </leftBound>
    <rightBound>
      <point>
        <x>-180.95272</x>
        <y>3.4568448</y>
      </point>
      <point>
        <x>-59.660192</x>
        <y>3.7160451</y>
      </point>
      <point>
        <x>-21.334735</x>
        <y>3.9753645</y>
      </point>
    </rightBound>
    <successor ref="27"/>
    <adjacentLeft ref="25" drivingDir="same"/>
    <laneletType>unknown</laneletType>
    <trafficSignRef ref="31"/>
  </lanelet>
  <lanelet id="27">
    <leftBound>
      <point>
        <x>-21.374636</x>
        <y>7.4760123</y>
      </point>
      <point>
        <x>-10.958434</x>
        <y>7.4524938</y>
      </point>
      <point>
        <x>-0.54676909</x>
        <y>7.4288489</y>
      </point>
    </leftBound>
    <rightBound>
      <point>
        <x>-21.334735</x>
        <y>3.9753645</y>
      </point>
      <point>
        <x>-10.966122</x>
        <y>3.9525243</y>
      </point>
      <point>
        <x>-0.6249579</x>
        <y>3.9306584</y>
      </point>
    </rightBound>
    <predecessor ref="26"/>
    <successor ref="24"/>
    <laneletType>unknown</laneletType>
    <trafficSignRef ref="32"/>
  </lanelet>
  <lanelet id="28">
    <leftBound>
      <point>
        <x>-21.318311</x>
        <y>10.973786</y>
      </point>
      <point>
        <x>-17.977212</x>
        <y>10.772845</y>
      </point>
      <point>
        <x>-14.302545</x>
        <y>10.132228</y>
      </point>
      <point>
        <x>-5.944684</x>
        <y>8.0674832</y>
      </point>
      <point>
        <x>-2.5511962</x>
        <y>7.5374636</y>
      </point>
      <point>
        <x>-0.54676909</x>
        <y>7.4288489</y>
      </point>
    </leftBound>
    <rightBound>
      <point>
        <x>-21.374636</x>
        <y>7.4760123</y>
      </point>
      <point>
        <x>-18.574279</x>
        <y>7.3240628</y>
      </point>
      <point>
        <x>-15.139175</x>
        <y>6.7336624</y>
      </point>
      <point>
        <x>-6.4762006</x>
        <y>4.6080909</y>
      </point>
      <point>
        <x>-2.7383467</x>
        <y>4.0424803</y>
      </point>
      <point>
        <x>-0.6249579</x>
        <y>3.9306584</y>
      </point>
    </rightBound>
    <predecessor ref="25"/>
    <successor ref="24"/>
    <laneletType>unknown</laneletType>
    <trafficSignRef ref="33"/>
  </lanelet>
  <trafficSign id="29">
    <trafficSignElement>
      <trafficSignID>274</trafficSignID>
      <additionalValue>50.0</additionalValue>
    </trafficSignElement>
    <position>
      <point>
        <x>-0.6249579</x>
        <y>3.9306584</y>
      </point>
    </position>
    <virtual>false</virtual>
  </trafficSign>
  <trafficSign id="30">
    <trafficSignElement>
      <trafficSignID>274</trafficSignID>
      <additionalValue>50.0</additionalValue>
    </trafficSignElement>
    <position>
      <point>
        <x>-180.97641</x>
        <y>6.9566943</y>
      </point>
    </position>
    <virtual>false</virtual>
  </trafficSign>
  <trafficSign id="31">
    <trafficSignElement>
      <trafficSignID>274</trafficSignID>
      <additionalValue>50.0</additionalValue>
    </trafficSignElement>
    <position>
      <point>
        <x>-180.95272</x>
        <y>3.4568448</y>
      </point>
    </position>
    <virtual>false</virtual>
  </trafficSign>
  <trafficSign id="32">
    <trafficSignElement>
      <trafficSignID>274</trafficSignID>
      <additionalValue>50.0</additionalValue>
    </trafficSignElement>
    <position>
      <point>
        <x>-21.334735</x>
        <y>3.9753645</y>
      </point>
    </position>
    <virtual>false</virtual>
  </trafficSign>
  <trafficSign id="33">
    <trafficSignElement>
      <trafficSignID>274</trafficSignID>
      <additionalValue>50.0</additionalValue>
    </trafficSignElement>
    <position>
      <point>
        <x>-21.374636</x>
        <y>7.4760123</y>
      </point>
    </position>
    <virtual>false</virtual>
  </trafficSign>
  <dynamicObstacle id="1">
    <type>car</type>
    <shape>
      <rectangle>
        <length>5.0</length>
        <width>2.0</width>
      </rectangle>
    </shape>
    <initialState>
      <position>
        <point>
          <x>-95.027716</x>
          <y>8.8747354</y>
        </point>
      </position>
      <orientation>
        <exact>0.0036516512</exact>
      </orientation>
      <time>
        <exact>0</exact>
      </time>
      <velocity>
        <exact>12.235901</exact>
      </velocity>
      <acceleration>
        <exact>0.0</exact>
      </acceleration>
    </initialState>
    <trajectory>
      <state>
        <position>
          <point>
            <x>-93.804133</x>
            <y>8.8792035</y>
          </point>
        </position>
        <orientation>
          <exact>0.0037009426</exact>
        </orientation>
        <time>
          <exact>1</exact>
        </time>
        <velocity>
          <exact>12.235901</exact>
        </velocity>
      </state>
    </trajectory>
  </dynamicObstacle>
  <dynamicObstacle id="2">
    <type>car</type>
    <shape>
      <rectangle>
        <length>5.0</length>
        <width>2.0</width>
      </rectangle>
    </shape>
    <initialState>
      <position>
        <point>
          <x>-105.41532</x>
          <y>5.3697209</y>
        </point>
      </position>
      <orientation>
        <exact>0.0023322847</exact>
      </orientation>
      <time>
        <exact>0</exact>
      </time>
      <velocity>
        <exact>11.60095</exact>
      </velocity>
      <acceleration>
        <exact>0.0</exact>
      </acceleration>
    </initialState>
    <trajectory>
      <state>
        <position>
          <point>
            <x>-104.25523</x>
            <y>5.3724266</y>
          </point>
        </position>
        <orientation>
          <exact>0.0023321727</exact>
        </orientation>
        <time>
          <exact>1</exact>
        </time>
        <velocity>
          <exact>11.60095</exact>
        </velocity>
      </state>
    </trajectory>
  </dynamicObstacle>
  <dynamicObstacle id="3">
    <type>car</type>
    <shape>
      <rectangle>
        <length>5.0</length>
        <width>2.0</width>
      </rectangle>
    </shape>
    <initialState>
      <position>
        <point>
          <x>-90.415363</x>
          <y>5.4065176</y>
        </point>
      </position>
      <orientation>
        <exact>0.0025938636</exact>
      </orientation>
      <time>
        <exact>0</exact>
      </time>
      <velocity>
        <exact>14.315223</exact>
      </velocity>
      <acceleration>
        <exact>0.0</exact>
      </acceleration>
    </initialState>
    <trajectory>
      <state>
        <position>
          <point>
            <x>-88.983846</x>
            <y>5.4102308</y>
          </point>
        </position>
        <orientation>
          <exact>0.0026939934</exact>
        </orientation>
        <time>
          <exact>1</exact>
        </time>
        <velocity>
          <exact>14.315223</exact>
        </velocity>
      </state>
    </trajectory>
  </dynamicObstacle>
  <planningProblem id="29">
    <initialState>
      <position>
        <point>
          <x>-120.42383</x>
          <y>9.3361422</y>
        </point>
      </position>
      <orientation>
        <exact>-0.042584314</exact>
      </orientation>
      <time>
        <exact>0</exact>
      </time>
      <velocity>
        <exact>11.60095</exact>
      </velocity>
      <acceleration>
        <exact>0.0</exact>
      </acceleration>
      <yawRate>
        <exact>0.0</exact>
      </yawRate>
      <slipAngle>
        <exact>0.0</exact>
      </slipAngle>
    </initialState>
    <goalState>
      <position>
        <lanelet ref="26"/>
      </position>
      <time>
        <intervalStart>84</intervalStart>
        <intervalEnd>85</intervalEnd>
      </time>
      <velocity>
        <intervalStart>0.0</intervalStart>
        <intervalEnd>16.60095</intervalEnd>
      </velocity>
    </goalState>
  </planningProblem>
</commonRoad>
