<?xml version='1.0' encoding='UTF-8'?>
<commonRoad timeStepSize="0.1" commonRoadVersion="2020a" author="Lukas Braunstorfer, Markus Koschi, Silvia Magdici, Stefanie Manzinger, Lukas Willinger, Alexander Zhu" affiliation="Technical University of Munich, Germany" source="Next Generation Simulation (NGSIM) and OpenStreetMaps (OSM)" benchmarkID="USA_US101-1_1_I-1-1" date="2020-12-18">
  <location>
    <geoNameId>-999</geoNameId>
    <gpsLatitude>999</gpsLatitude>
    <gpsLongitude>999</gpsLongitude>
  </location>
  <scenarioTags>
    <no_oncoming_traffic/>
    <multi_lane/>
    <comfort/>
    <lane_change/>
    <highway/>
    <parallel_lanes/>
  </scenarioTags>
  <lanelet id="534">
    <leftBound>
      <point>
        <x>-34.1483</x>
        <y>5.5715</y>
      </point>
      <point>
        <x>-28.6561</x>
        <y>5.5444</y>
      </point>
      <point>
        <x>-28.3621</x>
        <y>5.5411</y>
      </point>
      <point>
        <x>-28.1999</x>
        <y>5.5366</y>
      </point>
      <point>
        <x>-24.6394</x>
        <y>5.3514</y>
      </point>
      <point>
        <x>-24.2465</x>
        <y>5.3299</y>
      </point>
      <point>
        <x>-13.8864</x>
        <y>5.1868</y>
      </point>
      <point>
        <x>-13.5753</x>
        <y>5.1813</y>
      </point>
      <point>
        <x>-13.4407</x>
        <y>5.1768</y>
      </point>
      <point>
        <x>-9.8973</x>
        <y>4.9892</y>
      </point>
      <point>
        <x>-9.5069</x>
        <y>4.9678</y>
      </point>
      <point>
        <x>0.22084</x>
        <y>4.9236</y>
      </point>
      <point>
        <x>0.51415</x>
        <y>4.9204</y>
      </point>
      <point>
        <x>0.67754</x>
        <y>4.9158</y>
      </point>
      <point>
        <x>4.2387</x>
        <y>4.7308</y>
      </point>
      <point>
        <x>4.6318</x>
        <y>4.7092</y>
      </point>
      <point>
        <x>14.8666</x>
        <y>4.4526</y>
      </point>
      <point>
        <x>15.1501</x>
        <y>4.4455</y>
      </point>
      <point>
        <x>15.1988</x>
        <y>4.4436</y>
      </point>
      <point>
        <x>15.2975</x>
        <y>4.4397</y>
      </point>
      <point>
        <x>18.8198</x>
        <y>4.2499</y>
      </point>
      <point>
        <x>19.2077</x>
        <y>4.2286</y>
      </point>
      <point>
        <x>29.1264</x>
        <y>4.1532</y>
      </point>
      <point>
        <x>29.4257</x>
        <y>4.1492</y>
      </point>
      <point>
        <x>29.5796</x>
        <y>4.1447</y>
      </point>
      <point>
        <x>33.1349</x>
        <y>3.9587</y>
      </point>
      <point>
        <x>33.527</x>
        <y>3.9372</y>
      </point>
      <point>
        <x>43.2426</x>
        <y>3.7272</y>
      </point>
      <point>
        <x>43.7414</x>
        <y>3.7164</y>
      </point>
      <point>
        <x>47.0963</x>
        <y>3.6493</y>
      </point>
      <point>
        <x>47.5843</x>
        <y>3.6396</y>
      </point>
      <point>
        <x>57.6431</x>
        <y>3.4143</y>
      </point>
      <point>
        <x>58.1392</x>
        <y>3.4032</y>
      </point>
      <point>
        <x>61.494</x>
        <y>3.3361</y>
      </point>
      <point>
        <x>61.9142</x>
        <y>3.3277</y>
      </point>
      <point>
        <x>61.9351</x>
        <y>3.3272</y>
      </point>
      <point>
        <x>61.977</x>
        <y>3.3261</y>
      </point>
      <point>
        <x>72.3111</x>
        <y>2.9922</y>
      </point>
      <point>
        <x>72.7734</x>
        <y>2.9773</y>
      </point>
      <point>
        <x>76.1282</x>
        <y>2.9102</y>
      </point>
      <point>
        <x>76.6273</x>
        <y>2.9002</y>
      </point>
      <point>
        <x>86.7774</x>
        <y>2.6894</y>
      </point>
      <point>
        <x>87.2791</x>
        <y>2.679</y>
      </point>
      <point>
        <x>90.6339</x>
        <y>2.6119</y>
      </point>
      <point>
        <x>91.1382</x>
        <y>2.6018</y>
      </point>
      <point>
        <x>101.0686</x>
        <y>2.4115</y>
      </point>
      <point>
        <x>101.5701</x>
        <y>2.4019</y>
      </point>
      <point>
        <x>104.9305</x>
        <y>2.3347</y>
      </point>
      <point>
        <x>105.3608</x>
        <y>2.3261</y>
      </point>
      <point>
        <x>105.3792</x>
        <y>2.3256</y>
      </point>
      <point>
        <x>105.4161</x>
        <y>2.3247</y>
      </point>
      <point>
        <x>115.521</x>
        <y>2.0131</y>
      </point>
      <point>
        <x>115.9883</x>
        <y>1.9986</y>
      </point>
      <point>
        <x>119.3431</x>
        <y>1.9315</y>
      </point>
      <point>
        <x>119.821</x>
        <y>1.922</y>
      </point>
      <point>
        <x>119.8408</x>
        <y>1.9215</y>
      </point>
      <point>
        <x>119.8474</x>
        <y>1.9214</y>
      </point>
    </leftBound>
    <rightBound>
      <point>
        <x>-34.2228</x>
        <y>2.1825</y>
      </point>
      <point>
        <x>-28.6728</x>
        <y>2.1551</y>
      </point>
      <point>
        <x>-28.4579</x>
        <y>2.1433</y>
      </point>
      <point>
        <x>-28.2958</x>
        <y>2.1344</y>
      </point>
      <point>
        <x>-24.8188</x>
        <y>1.9433</y>
      </point>
      <point>
        <x>-24.2934</x>
        <y>1.936</y>
      </point>
      <point>
        <x>-13.9332</x>
        <y>1.793</y>
      </point>
      <point>
        <x>-13.6882</x>
        <y>1.7795</y>
      </point>
      <point>
        <x>-13.5537</x>
        <y>1.7721</y>
      </point>
      <point>
        <x>-10.0792</x>
        <y>1.5812</y>
      </point>
      <point>
        <x>-9.5223</x>
        <y>1.5786</y>
      </point>
      <point>
        <x>0.20545</x>
        <y>1.5345</y>
      </point>
      <point>
        <x>0.41908</x>
        <y>1.5227</y>
      </point>
      <point>
        <x>0.58234</x>
        <y>1.5137</y>
      </point>
      <point>
        <x>4.0595</x>
        <y>1.3226</y>
      </point>
      <point>
        <x>4.5465</x>
        <y>1.3104</y>
      </point>
      <point>
        <x>14.7813</x>
        <y>1.0538</y>
      </point>
      <point>
        <x>14.9632</x>
        <y>1.0438</y>
      </point>
      <point>
        <x>15.0647</x>
        <y>1.0382</y>
      </point>
      <point>
        <x>15.1634</x>
        <y>1.0328</y>
      </point>
      <point>
        <x>18.6354</x>
        <y>0.84197</y>
      </point>
      <point>
        <x>19.1819</x>
        <y>0.83782</y>
      </point>
      <point>
        <x>29.1007</x>
        <y>0.76242</y>
      </point>
      <point>
        <x>29.3247</x>
        <y>0.75011</y>
      </point>
      <point>
        <x>29.4785</x>
        <y>0.74165</y>
      </point>
      <point>
        <x>32.9548</x>
        <y>0.55061</y>
      </point>
      <point>
        <x>33.4536</x>
        <y>0.53982</y>
      </point>
      <point>
        <x>43.1692</x>
        <y>0.32981</y>
      </point>
      <point>
        <x>43.6735</x>
        <y>0.31973</y>
      </point>
      <point>
        <x>47.0283</x>
        <y>0.25264</y>
      </point>
      <point>
        <x>47.5082</x>
        <y>0.24189</y>
      </point>
      <point>
        <x>57.567</x>
        <y>0.016618</y>
      </point>
      <point>
        <x>58.0713</x>
        <y>0.0065325</y>
      </point>
      <point>
        <x>61.4261</x>
        <y>-0.060556</y>
      </point>
      <point>
        <x>61.8041</x>
        <y>-0.072793</y>
      </point>
      <point>
        <x>61.8462</x>
        <y>-0.074154</y>
      </point>
      <point>
        <x>61.8881</x>
        <y>-0.07551</y>
      </point>
      <point>
        <x>72.2011</x>
        <y>-0.40933</y>
      </point>
      <point>
        <x>72.7055</x>
        <y>-0.41941</y>
      </point>
      <point>
        <x>76.0603</x>
        <y>-0.4865</y>
      </point>
      <point>
        <x>76.5567</x>
        <y>-0.49681</y>
      </point>
      <point>
        <x>86.7069</x>
        <y>-0.70764</y>
      </point>
      <point>
        <x>87.2112</x>
        <y>-0.71773</y>
      </point>
      <point>
        <x>90.566</x>
        <y>-0.78481</y>
      </point>
      <point>
        <x>91.0731</x>
        <y>-0.79453</y>
      </point>
      <point>
        <x>101.0035</x>
        <y>-0.98485</y>
      </point>
      <point>
        <x>101.5021</x>
        <y>-0.99482</y>
      </point>
      <point>
        <x>104.8626</x>
        <y>-1.062</y>
      </point>
      <point>
        <x>105.2558</x>
        <y>-1.0742</y>
      </point>
      <point>
        <x>105.2928</x>
        <y>-1.0753</y>
      </point>
      <point>
        <x>105.3296</x>
        <y>-1.0764</y>
      </point>
      <point>
        <x>115.4161</x>
        <y>-1.388</y>
      </point>
      <point>
        <x>115.9204</x>
        <y>-1.3981</y>
      </point>
      <point>
        <x>119.2752</x>
        <y>-1.4651</y>
      </point>
      <point>
        <x>119.7398</x>
        <y>-1.4762</y>
      </point>
      <point>
        <x>119.7662</x>
        <y>-1.4769</y>
      </point>
      <point>
        <x>119.7662</x>
        <y>-1.4769</y>
      </point>
    </rightBound>
    <adjacentRight ref="536" drivingDir="same"/>
    <laneletType>unknown</laneletType>
  </lanelet>
  <lanelet id="536">
    <leftBound>
      <point>
        <x>-34.2228</x>
        <y>2.1825</y>
      </point>
      <point>
        <x>-28.6728</x>
        <y>2.1551</y>
      </point>
      <point>
        <x>-28.3724</x>
        <y>2.1386</y>
      </point>
      <point>
        <x>-24.8188</x>
        <y>1.9433</y>
      </point>
      <point>
        <x>-24.6557</x>
        <y>1.941</y>
      </point>
      <point>
        <x>-14.2251</x>
        <y>1.797</y>
      </point>
      <point>
        <x>-14.0093</x>
        <y>1.7902</y>
      </point>
      <point>
        <x>-13.9444</x>
        <y>1.7867</y>
      </point>
      <point>
        <x>-10.2406</x>
        <y>1.59</y>
      </point>
      <point>
        <x>-10.0792</x>
        <y>1.5812</y>
      </point>
      <point>
        <x>0.20545</x>
        <y>1.5345</y>
      </point>
      <point>
        <x>0.3569</x>
        <y>1.5261</y>
      </point>
      <point>
        <x>4.0595</x>
        <y>1.3226</y>
      </point>
      <point>
        <x>14.5732</x>
        <y>1.059</y>
      </point>
      <point>
        <x>14.7279</x>
        <y>1.0531</y>
      </point>
      <point>
        <x>14.7758</x>
        <y>1.0505</y>
      </point>
      <point>
        <x>18.5201</x>
        <y>0.84831</y>
      </point>
      <point>
        <x>18.6354</x>
        <y>0.84197</y>
      </point>
      <point>
        <x>29.1007</x>
        <y>0.76242</y>
      </point>
      <point>
        <x>29.3121</x>
        <y>0.7508</y>
      </point>
      <point>
        <x>32.9548</x>
        <y>0.55061</y>
      </point>
      <point>
        <x>43.1692</x>
        <y>0.32981</y>
      </point>
      <point>
        <x>43.5372</x>
        <y>0.32246</y>
      </point>
      <point>
        <x>47.0283</x>
        <y>0.25264</y>
      </point>
      <point>
        <x>47.4041</x>
        <y>0.24422</y>
      </point>
      <point>
        <x>57.495</x>
        <y>0.01823</y>
      </point>
      <point>
        <x>57.6297</x>
        <y>0.015419</y>
      </point>
      <point>
        <x>57.6708</x>
        <y>0.01456</y>
      </point>
      <point>
        <x>57.7133</x>
        <y>0.013691</y>
      </point>
      <point>
        <x>61.4261</x>
        <y>-0.060556</y>
      </point>
      <point>
        <x>61.614</x>
        <y>-0.066638</y>
      </point>
      <point>
        <x>72.1955</x>
        <y>-0.40915</y>
      </point>
      <point>
        <x>72.2787</x>
        <y>-0.41088</y>
      </point>
      <point>
        <x>76.0603</x>
        <y>-0.4865</y>
      </point>
      <point>
        <x>76.1405</x>
        <y>-0.48817</y>
      </point>
      <point>
        <x>86.5305</x>
        <y>-0.70398</y>
      </point>
      <point>
        <x>86.7069</x>
        <y>-0.70764</y>
      </point>
      <point>
        <x>90.3871</x>
        <y>-0.78123</y>
      </point>
      <point>
        <x>90.566</x>
        <y>-0.78481</y>
      </point>
      <point>
        <x>101.0035</x>
        <y>-0.98485</y>
      </point>
      <point>
        <x>101.1482</x>
        <y>-0.98775</y>
      </point>
      <point>
        <x>104.8626</x>
        <y>-1.062</y>
      </point>
      <point>
        <x>105.0424</x>
        <y>-1.0676</y>
      </point>
      <point>
        <x>115.4127</x>
        <y>-1.3879</y>
      </point>
      <point>
        <x>119.2369</x>
        <y>-1.4644</y>
      </point>
      <point>
        <x>119.7662</x>
        <y>-1.477</y>
      </point>
    </leftBound>
    <rightBound>
      <point>
        <x>-34.2939</x>
        <y>-1.0505</y>
      </point>
      <point>
        <x>-28.7625</x>
        <y>-1.1983</y>
      </point>
      <point>
        <x>-28.5561</x>
        <y>-1.2038</y>
      </point>
      <point>
        <x>-25.0024</x>
        <y>-1.3991</y>
      </point>
      <point>
        <x>-24.6788</x>
        <y>-1.4092</y>
      </point>
      <point>
        <x>-14.2704</x>
        <y>-1.4811</y>
      </point>
      <point>
        <x>-14.1894</x>
        <y>-1.4856</y>
      </point>
      <point>
        <x>-14.1184</x>
        <y>-1.4895</y>
      </point>
      <point>
        <x>-10.4163</x>
        <y>-1.693</y>
      </point>
      <point>
        <x>-10.1556</x>
        <y>-1.699</y>
      </point>
      <point>
        <x>0.12456</x>
        <y>-1.9385</y>
      </point>
      <point>
        <x>0.16644</x>
        <y>-1.9394</y>
      </point>
      <point>
        <x>3.8691</x>
        <y>-2.1429</y>
      </point>
      <point>
        <x>14.4935</x>
        <y>-2.122</y>
      </point>
      <point>
        <x>14.5533</x>
        <y>-2.1253</y>
      </point>
      <point>
        <x>14.6041</x>
        <y>-2.1281</y>
      </point>
      <point>
        <x>18.3476</x>
        <y>-2.3338</y>
      </point>
      <point>
        <x>18.5712</x>
        <y>-2.3383</y>
      </point>
      <point>
        <x>29.0338</x>
        <y>-2.5496</y>
      </point>
      <point>
        <x>29.1306</x>
        <y>-2.5515</y>
      </point>
      <point>
        <x>32.7733</x>
        <y>-2.7517</y>
      </point>
      <point>
        <x>43.1146</x>
        <y>-2.9252</y>
      </point>
      <point>
        <x>43.4721</x>
        <y>-2.9309</y>
      </point>
      <point>
        <x>46.9633</x>
        <y>-3.0007</y>
      </point>
      <point>
        <x>47.3313</x>
        <y>-3.008</y>
      </point>
      <point>
        <x>57.4197</x>
        <y>-3.3421</y>
      </point>
      <point>
        <x>57.5595</x>
        <y>-3.3468</y>
      </point>
      <point>
        <x>57.5816</x>
        <y>-3.3473</y>
      </point>
      <point>
        <x>57.6456</x>
        <y>-3.349</y>
      </point>
      <point>
        <x>61.3583</x>
        <y>-3.4239</y>
      </point>
      <point>
        <x>61.5052</x>
        <y>-3.4268</y>
      </point>
      <point>
        <x>72.0806</x>
        <y>-3.7867</y>
      </point>
      <point>
        <x>72.2106</x>
        <y>-3.7905</y>
      </point>
      <point>
        <x>75.9921</x>
        <y>-3.8667</y>
      </point>
      <point>
        <x>76.0703</x>
        <y>-3.8683</y>
      </point>
      <point>
        <x>86.4618</x>
        <y>-4.0133</y>
      </point>
      <point>
        <x>86.6407</x>
        <y>-4.0169</y>
      </point>
      <point>
        <x>90.3209</x>
        <y>-4.0905</y>
      </point>
      <point>
        <x>90.5278</x>
        <y>-4.0929</y>
      </point>
      <point>
        <x>100.9662</x>
        <y>-4.2134</y>
      </point>
      <point>
        <x>101.0836</x>
        <y>-4.2147</y>
      </point>
      <point>
        <x>104.798</x>
        <y>-4.289</y>
      </point>
      <point>
        <x>104.9428</x>
        <y>-4.2919</y>
      </point>
      <point>
        <x>115.3136</x>
        <y>-4.5957</y>
      </point>
      <point>
        <x>119.1727</x>
        <y>-4.6729</y>
      </point>
      <point>
        <x>119.6894</x>
        <y>-4.6917</y>
      </point>
    </rightBound>
    <adjacentLeft ref="534" drivingDir="same"/>
    <adjacentRight ref="538" drivingDir="same"/>
    <laneletType>unknown</laneletType>
  </lanelet>
  <lanelet id="538">
    <leftBound>
      <point>
        <x>-34.2939</x>
        <y>-1.0505</y>
      </point>
      <point>
        <x>-32.4488</x>
        <y>-1.0998</y>
      </point>
      <point>
        <x>-32.3533</x>
        <y>-1.1023</y>
      </point>
      <point>
        <x>-32.2578</x>
        <y>-1.1049</y>
      </point>
      <point>
        <x>-28.5561</x>
        <y>-1.2038</y>
      </point>
      <point>
        <x>-24.702</x>
        <y>-1.4157</y>
      </point>
      <point>
        <x>-21.9779</x>
        <y>-1.4328</y>
      </point>
      <point>
        <x>-18.2834</x>
        <y>-1.456</y>
      </point>
      <point>
        <x>-18.141</x>
        <y>-1.4568</y>
      </point>
      <point>
        <x>-14.2704</x>
        <y>-1.4811</y>
      </point>
      <point>
        <x>-10.4163</x>
        <y>-1.693</y>
      </point>
      <point>
        <x>-7.6393</x>
        <y>-1.7576</y>
      </point>
      <point>
        <x>-3.8847</x>
        <y>-1.8451</y>
      </point>
      <point>
        <x>-3.7824</x>
        <y>-1.8475</y>
      </point>
      <point>
        <x>0.16644</x>
        <y>-1.9394</y>
      </point>
      <point>
        <x>4.0205</x>
        <y>-2.1512</y>
      </point>
      <point>
        <x>6.5497</x>
        <y>-2.1442</y>
      </point>
      <point>
        <x>10.3111</x>
        <y>-2.1337</y>
      </point>
      <point>
        <x>10.4571</x>
        <y>-2.1333</y>
      </point>
      <point>
        <x>14.4935</x>
        <y>-2.122</y>
      </point>
      <point>
        <x>18.3476</x>
        <y>-2.3338</y>
      </point>
      <point>
        <x>21.1459</x>
        <y>-2.3903</y>
      </point>
      <point>
        <x>24.8893</x>
        <y>-2.4659</y>
      </point>
      <point>
        <x>24.9601</x>
        <y>-2.4673</y>
      </point>
      <point>
        <x>29.1306</x>
        <y>-2.5515</y>
      </point>
      <point>
        <x>32.9847</x>
        <y>-2.7633</y>
      </point>
      <point>
        <x>35.343</x>
        <y>-2.801</y>
      </point>
      <point>
        <x>35.3975</x>
        <y>-2.8019</y>
      </point>
      <point>
        <x>35.4383</x>
        <y>-2.8025</y>
      </point>
      <point>
        <x>39.2976</x>
        <y>-2.8642</y>
      </point>
      <point>
        <x>43.4406</x>
        <y>-2.9304</y>
      </point>
      <point>
        <x>43.4599</x>
        <y>-2.9307</y>
      </point>
      <point>
        <x>47.3313</x>
        <y>-3.008</y>
      </point>
      <point>
        <x>49.652</x>
        <y>-3.0849</y>
      </point>
      <point>
        <x>53.5094</x>
        <y>-3.2126</y>
      </point>
      <point>
        <x>57.6461</x>
        <y>-3.3496</y>
      </point>
      <point>
        <x>61.5052</x>
        <y>-3.4268</y>
      </point>
      <point>
        <x>63.9695</x>
        <y>-3.5107</y>
      </point>
      <point>
        <x>67.8268</x>
        <y>-3.6419</y>
      </point>
      <point>
        <x>72.2111</x>
        <y>-3.7911</y>
      </point>
      <point>
        <x>76.0703</x>
        <y>-3.8683</y>
      </point>
      <point>
        <x>86.4348</x>
        <y>-4.013</y>
      </point>
      <point>
        <x>86.4591</x>
        <y>-4.0134</y>
      </point>
      <point>
        <x>90.3209</x>
        <y>-4.0905</y>
      </point>
      <point>
        <x>92.8223</x>
        <y>-4.1194</y>
      </point>
      <point>
        <x>96.6974</x>
        <y>-4.1641</y>
      </point>
      <point>
        <x>100.9294</x>
        <y>-4.2129</y>
      </point>
      <point>
        <x>104.8407</x>
        <y>-4.2898</y>
      </point>
      <point>
        <x>104.8817</x>
        <y>-4.2908</y>
      </point>
      <point>
        <x>106.8539</x>
        <y>-4.3479</y>
      </point>
      <point>
        <x>110.7127</x>
        <y>-4.4609</y>
      </point>
      <point>
        <x>115.292</x>
        <y>-4.5951</y>
      </point>
      <point>
        <x>119.0888</x>
        <y>-4.6712</y>
      </point>
      <point>
        <x>119.161</x>
        <y>-4.6733</y>
      </point>
      <point>
        <x>119.1845</x>
        <y>-4.674</y>
      </point>
      <point>
        <x>119.6894</x>
        <y>-4.6922</y>
      </point>
    </leftBound>
    <rightBound>
      <point>
        <x>-34.3673</x>
        <y>-4.385</y>
      </point>
      <point>
        <x>-32.5393</x>
        <y>-4.4854</y>
      </point>
      <point>
        <x>-32.4373</x>
        <y>-4.488</y>
      </point>
      <point>
        <x>-32.2818</x>
        <y>-4.4918</y>
      </point>
      <point>
        <x>-28.5795</x>
        <y>-4.518</y>
      </point>
      <point>
        <x>-24.7203</x>
        <y>-4.5406</y>
      </point>
      <point>
        <x>-21.9975</x>
        <y>-4.5565</y>
      </point>
      <point>
        <x>-18.4645</x>
        <y>-4.7507</y>
      </point>
      <point>
        <x>-18.2555</x>
        <y>-4.7579</y>
      </point>
      <point>
        <x>-14.3097</x>
        <y>-4.8068</y>
      </point>
      <point>
        <x>-10.4479</x>
        <y>-4.8456</y>
      </point>
      <point>
        <x>-7.7119</x>
        <y>-4.873</y>
      </point>
      <point>
        <x>-4.0621</x>
        <y>-5.0736</y>
      </point>
      <point>
        <x>-3.8283</x>
        <y>-5.0811</y>
      </point>
      <point>
        <x>0.12108</x>
        <y>-5.1371</y>
      </point>
      <point>
        <x>3.9806</x>
        <y>-5.1878</y>
      </point>
      <point>
        <x>6.5583</x>
        <y>-5.2217</y>
      </point>
      <point>
        <x>10.1327</x>
        <y>-5.4141</y>
      </point>
      <point>
        <x>10.3412</x>
        <y>-5.4215</y>
      </point>
      <point>
        <x>14.458</x>
        <y>-5.4682</y>
      </point>
      <point>
        <x>18.3207</x>
        <y>-5.501</y>
      </point>
      <point>
        <x>21.0826</x>
        <y>-5.5244</y>
      </point>
      <point>
        <x>24.7103</x>
        <y>-5.7238</y>
      </point>
      <point>
        <x>24.8081</x>
        <y>-5.7284</y>
      </point>
      <point>
        <x>29.0203</x>
        <y>-5.8695</y>
      </point>
      <point>
        <x>32.8792</x>
        <y>-5.9955</y>
      </point>
      <point>
        <x>35.2907</x>
        <y>-6.0742</y>
      </point>
      <point>
        <x>35.3081</x>
        <y>-6.0747</y>
      </point>
      <point>
        <x>35.3489</x>
        <y>-6.0758</y>
      </point>
      <point>
        <x>39.2318</x>
        <y>-6.1544</y>
      </point>
      <point>
        <x>43.3877</x>
        <y>-6.2406</y>
      </point>
      <point>
        <x>43.4009</x>
        <y>-6.2409</y>
      </point>
      <point>
        <x>47.2625</x>
        <y>-6.321</y>
      </point>
      <point>
        <x>49.5432</x>
        <y>-6.3683</y>
      </point>
      <point>
        <x>53.4024</x>
        <y>-6.4455</y>
      </point>
      <point>
        <x>57.5711</x>
        <y>-6.5433</y>
      </point>
      <point>
        <x>61.43</x>
        <y>-6.6338</y>
      </point>
      <point>
        <x>63.8612</x>
        <y>-6.6909</y>
      </point>
      <point>
        <x>67.7204</x>
        <y>-6.768</y>
      </point>
      <point>
        <x>72.1551</x>
        <y>-6.8493</y>
      </point>
      <point>
        <x>76.0144</x>
        <y>-6.92</y>
      </point>
      <point>
        <x>86.3916</x>
        <y>-7.1101</y>
      </point>
      <point>
        <x>86.4051</x>
        <y>-7.1103</y>
      </point>
      <point>
        <x>90.2643</x>
        <y>-7.181</y>
      </point>
      <point>
        <x>92.7864</x>
        <y>-7.2272</y>
      </point>
      <point>
        <x>96.6346</x>
        <y>-7.3041</y>
      </point>
      <point>
        <x>100.892</x>
        <y>-7.454</y>
      </point>
      <point>
        <x>104.7752</x>
        <y>-7.5914</y>
      </point>
      <point>
        <x>104.8051</x>
        <y>-7.5924</y>
      </point>
      <point>
        <x>106.7576</x>
        <y>-7.6615</y>
      </point>
      <point>
        <x>110.6167</x>
        <y>-7.7387</y>
      </point>
      <point>
        <x>115.1955</x>
        <y>-7.8879</y>
      </point>
      <point>
        <x>119.0219</x>
        <y>-8.0125</y>
      </point>
      <point>
        <x>119.0639</x>
        <y>-8.0139</y>
      </point>
      <point>
        <x>119.0757</x>
        <y>-8.0143</y>
      </point>
      <point>
        <x>119.6097</x>
        <y>-8.0317</y>
      </point>
    </rightBound>
    <adjacentLeft ref="536" drivingDir="same"/>
    <adjacentRight ref="540" drivingDir="same"/>
    <laneletType>unknown</laneletType>
  </lanelet>
  <lanelet id="540">
    <leftBound>
      <point>
        <x>-34.3673</x>
        <y>-4.385</y>
      </point>
      <point>
        <x>-33.5219</x>
        <y>-4.4314</y>
      </point>
      <point>
        <x>-32.3485</x>
        <y>-4.4959</y>
      </point>
      <point>
        <x>-30.1404</x>
        <y>-4.5088</y>
      </point>
      <point>
        <x>-29.9808</x>
        <y>-4.5098</y>
      </point>
      <point>
        <x>-29.8209</x>
        <y>-4.5107</y>
      </point>
      <point>
        <x>-25.5256</x>
        <y>-4.5359</y>
      </point>
      <point>
        <x>-22.3211</x>
        <y>-4.5546</y>
      </point>
      <point>
        <x>-22.269</x>
        <y>-4.5558</y>
      </point>
      <point>
        <x>-22.1475</x>
        <y>-4.5584</y>
      </point>
      <point>
        <x>-21.5488</x>
        <y>-4.5817</y>
      </point>
      <point>
        <x>-21.5086</x>
        <y>-4.5834</y>
      </point>
      <point>
        <x>-18.1434</x>
        <y>-4.7683</y>
      </point>
      <point>
        <x>-12.4261</x>
        <y>-4.8257</y>
      </point>
      <point>
        <x>-8.6829</x>
        <y>-4.8633</y>
      </point>
      <point>
        <x>-8.5349</x>
        <y>-4.8648</y>
      </point>
      <point>
        <x>-7.7119</x>
        <y>-4.873</y>
      </point>
      <point>
        <x>-7.5371</x>
        <y>-4.8827</y>
      </point>
      <point>
        <x>-3.8578</x>
        <y>-5.0849</y>
      </point>
      <point>
        <x>1.5053</x>
        <y>-5.1553</y>
      </point>
      <point>
        <x>5.2217</x>
        <y>-5.2041</y>
      </point>
      <point>
        <x>5.3327</x>
        <y>-5.2056</y>
      </point>
      <point>
        <x>6.6563</x>
        <y>-5.223</y>
      </point>
      <point>
        <x>6.7675</x>
        <y>-5.2291</y>
      </point>
      <point>
        <x>10.5104</x>
        <y>-5.4348</y>
      </point>
      <point>
        <x>15.7666</x>
        <y>-5.4794</y>
      </point>
      <point>
        <x>19.4939</x>
        <y>-5.511</y>
      </point>
      <point>
        <x>19.6214</x>
        <y>-5.512</y>
      </point>
      <point>
        <x>21.0826</x>
        <y>-5.5244</y>
      </point>
      <point>
        <x>21.2248</x>
        <y>-5.5322</y>
      </point>
      <point>
        <x>24.9367</x>
        <y>-5.7362</y>
      </point>
      <point>
        <x>30.098</x>
        <y>-5.9047</y>
      </point>
      <point>
        <x>33.9555</x>
        <y>-6.0306</y>
      </point>
      <point>
        <x>35.3997</x>
        <y>-6.0777</y>
      </point>
      <point>
        <x>39.238</x>
        <y>-6.1545</y>
      </point>
      <point>
        <x>44.1759</x>
        <y>-6.2569</y>
      </point>
      <point>
        <x>48.0431</x>
        <y>-6.3372</y>
      </point>
      <point>
        <x>49.4606</x>
        <y>-6.3666</y>
      </point>
      <point>
        <x>53.3135</x>
        <y>-6.4437</y>
      </point>
      <point>
        <x>59.2256</x>
        <y>-6.5821</y>
      </point>
      <point>
        <x>59.2596</x>
        <y>-6.5829</y>
      </point>
      <point>
        <x>63.1184</x>
        <y>-6.6734</y>
      </point>
      <point>
        <x>63.8612</x>
        <y>-6.6909</y>
      </point>
      <point>
        <x>67.7204</x>
        <y>-6.768</y>
      </point>
      <point>
        <x>73.2361</x>
        <y>-6.8691</y>
      </point>
      <point>
        <x>77.09</x>
        <y>-6.9397</y>
      </point>
      <point>
        <x>87.0026</x>
        <y>-7.1213</y>
      </point>
      <point>
        <x>87.042</x>
        <y>-7.122</y>
      </point>
      <point>
        <x>90.9073</x>
        <y>-7.1928</y>
      </point>
      <point>
        <x>92.8286</x>
        <y>-7.228</y>
      </point>
      <point>
        <x>95.8232</x>
        <y>-7.2879</y>
      </point>
      <point>
        <x>96.6877</x>
        <y>-7.3052</y>
      </point>
      <point>
        <x>99.7301</x>
        <y>-7.4128</y>
      </point>
      <point>
        <x>106.7285</x>
        <y>-7.6605</y>
      </point>
      <point>
        <x>106.7576</x>
        <y>-7.6615</y>
      </point>
      <point>
        <x>110.5391</x>
        <y>-7.7371</y>
      </point>
      <point>
        <x>110.6172</x>
        <y>-7.7397</y>
      </point>
      <point>
        <x>119.6097</x>
        <y>-8.0318</y>
      </point>
    </leftBound>
    <rightBound>
      <point>
        <x>-34.4369</x>
        <y>-7.5506</y>
      </point>
      <point>
        <x>-33.6941</x>
        <y>-7.5644</y>
      </point>
      <point>
        <x>-32.5206</x>
        <y>-7.6289</y>
      </point>
      <point>
        <x>-30.1594</x>
        <y>-7.7586</y>
      </point>
      <point>
        <x>-30.0074</x>
        <y>-7.7599</y>
      </point>
      <point>
        <x>-29.7503</x>
        <y>-7.762</y>
      </point>
      <point>
        <x>-25.544</x>
        <y>-7.6706</y>
      </point>
      <point>
        <x>-22.5016</x>
        <y>-7.8378</y>
      </point>
      <point>
        <x>-22.3404</x>
        <y>-7.8466</y>
      </point>
      <point>
        <x>-22.219</x>
        <y>-7.8533</y>
      </point>
      <point>
        <x>-21.6899</x>
        <y>-7.8824</y>
      </point>
      <point>
        <x>-21.5838</x>
        <y>-7.8848</y>
      </point>
      <point>
        <x>-18.2161</x>
        <y>-7.9615</y>
      </point>
      <point>
        <x>-12.5005</x>
        <y>-8.0916</y>
      </point>
      <point>
        <x>-8.8699</x>
        <y>-8.2885</y>
      </point>
      <point>
        <x>-8.65</x>
        <y>-8.2959</y>
      </point>
      <point>
        <x>-7.7526</x>
        <y>-8.3083</y>
      </point>
      <point>
        <x>-7.7254</x>
        <y>-8.3086</y>
      </point>
      <point>
        <x>-3.8705</x>
        <y>-8.3237</y>
      </point>
      <point>
        <x>1.4634</x>
        <y>-8.3446</y>
      </point>
      <point>
        <x>5.0383</x>
        <y>-8.5411</y>
      </point>
      <point>
        <x>5.1982</x>
        <y>-8.5475</y>
      </point>
      <point>
        <x>6.5834</x>
        <y>-8.5793</y>
      </point>
      <point>
        <x>6.5955</x>
        <y>-8.5795</y>
      </point>
      <point>
        <x>10.4522</x>
        <y>-8.6494</y>
      </point>
      <point>
        <x>15.7075</x>
        <y>-8.7445</y>
      </point>
      <point>
        <x>19.3065</x>
        <y>-8.9401</y>
      </point>
      <point>
        <x>19.4901</x>
        <y>-8.9471</y>
      </point>
      <point>
        <x>21.021</x>
        <y>-8.9765</y>
      </point>
      <point>
        <x>21.0355</x>
        <y>-8.9767</y>
      </point>
      <point>
        <x>24.8917</x>
        <y>-9.0294</y>
      </point>
      <point>
        <x>29.9937</x>
        <y>-9.0991</y>
      </point>
      <point>
        <x>33.8528</x>
        <y>-9.1762</y>
      </point>
      <point>
        <x>35.3267</x>
        <y>-9.2106</y>
      </point>
      <point>
        <x>39.1751</x>
        <y>-9.3003</y>
      </point>
      <point>
        <x>44.1023</x>
        <y>-9.4151</y>
      </point>
      <point>
        <x>47.9776</x>
        <y>-9.4927</y>
      </point>
      <point>
        <x>49.3535</x>
        <y>-9.5391</y>
      </point>
      <point>
        <x>53.249</x>
        <y>-9.6707</y>
      </point>
      <point>
        <x>59.1146</x>
        <y>-9.8688</y>
      </point>
      <point>
        <x>59.1934</x>
        <y>-9.8708</y>
      </point>
      <point>
        <x>63.0415</x>
        <y>-9.9482</y>
      </point>
      <point>
        <x>63.8244</x>
        <y>-9.9571</y>
      </point>
      <point>
        <x>67.6839</x>
        <y>-10.0006</y>
      </point>
      <point>
        <x>73.1776</x>
        <y>-10.0626</y>
      </point>
      <point>
        <x>77.026</x>
        <y>-10.1396</y>
      </point>
      <point>
        <x>86.8962</x>
        <y>-10.4547</y>
      </point>
      <point>
        <x>86.9538</x>
        <y>-10.4562</y>
      </point>
      <point>
        <x>90.846</x>
        <y>-10.5348</y>
      </point>
      <point>
        <x>92.8503</x>
        <y>-10.5215</y>
      </point>
      <point>
        <x>95.7589</x>
        <y>-10.5023</y>
      </point>
      <point>
        <x>96.6234</x>
        <y>-10.5196</y>
      </point>
      <point>
        <x>99.618</x>
        <y>-10.5795</y>
      </point>
      <point>
        <x>106.6169</x>
        <y>-10.8169</y>
      </point>
      <point>
        <x>106.6944</x>
        <y>-10.8184</y>
      </point>
      <point>
        <x>110.476</x>
        <y>-10.894</y>
      </point>
      <point>
        <x>110.5147</x>
        <y>-10.8953</y>
      </point>
      <point>
        <x>119.5343</x>
        <y>-11.1866</y>
      </point>
    </rightBound>
    <adjacentLeft ref="538" drivingDir="same"/>
    <adjacentRight ref="542" drivingDir="same"/>
    <laneletType>unknown</laneletType>
  </lanelet>
  <lanelet id="542">
    <leftBound>
      <point>
        <x>-34.4369</x>
        <y>-7.5506</y>
      </point>
      <point>
        <x>-33.6941</x>
        <y>-7.5644</y>
      </point>
      <point>
        <x>-31.5478</x>
        <y>-7.6823</y>
      </point>
      <point>
        <x>-30.6044</x>
        <y>-7.7342</y>
      </point>
      <point>
        <x>-29.84</x>
        <y>-7.7762</y>
      </point>
      <point>
        <x>-27.7129</x>
        <y>-7.7239</y>
      </point>
      <point>
        <x>-26.9669</x>
        <y>-7.7056</y>
      </point>
      <point>
        <x>-25.95</x>
        <y>-7.6806</y>
      </point>
      <point>
        <x>-25.7994</x>
        <y>-7.6832</y>
      </point>
      <point>
        <x>-25.5901</x>
        <y>-7.6868</y>
      </point>
      <point>
        <x>-25.4728</x>
        <y>-7.6888</y>
      </point>
      <point>
        <x>-22.7266</x>
        <y>-7.8255</y>
      </point>
      <point>
        <x>-22.7084</x>
        <y>-7.8264</y>
      </point>
      <point>
        <x>-21.765</x>
        <y>-7.8783</y>
      </point>
      <point>
        <x>-21.6899</x>
        <y>-7.8824</y>
      </point>
      <point>
        <x>-18.3966</x>
        <y>-7.9574</y>
      </point>
      <point>
        <x>-17.5618</x>
        <y>-7.9764</y>
      </point>
      <point>
        <x>-17.4871</x>
        <y>-7.9781</y>
      </point>
      <point>
        <x>-17.411</x>
        <y>-7.9798</y>
      </point>
      <point>
        <x>-13.9702</x>
        <y>-8.0582</y>
      </point>
      <point>
        <x>-13.1776</x>
        <y>-8.0762</y>
      </point>
      <point>
        <x>-13.1017</x>
        <y>-8.0779</y>
      </point>
      <point>
        <x>-13.0258</x>
        <y>-8.0797</y>
      </point>
      <point>
        <x>-12.4173</x>
        <y>-8.0935</y>
      </point>
      <point>
        <x>-12.2909</x>
        <y>-8.1005</y>
      </point>
      <point>
        <x>-9.3908</x>
        <y>-8.2598</y>
      </point>
      <point>
        <x>-8.5633</x>
        <y>-8.3053</y>
      </point>
      <point>
        <x>-0.72124</x>
        <y>-8.336</y>
      </point>
      <point>
        <x>0.015595</x>
        <y>-8.3389</y>
      </point>
      <point>
        <x>0.15525</x>
        <y>-8.3395</y>
      </point>
      <point>
        <x>0.2598</x>
        <y>-8.3399</y>
      </point>
      <point>
        <x>1.4634</x>
        <y>-8.3446</y>
      </point>
      <point>
        <x>1.6214</x>
        <y>-8.3533</y>
      </point>
      <point>
        <x>3.7962</x>
        <y>-8.4728</y>
      </point>
      <point>
        <x>4.7396</x>
        <y>-8.5246</y>
      </point>
      <point>
        <x>5.3175</x>
        <y>-8.5564</y>
      </point>
      <point>
        <x>8.0955</x>
        <y>-8.6067</y>
      </point>
      <point>
        <x>8.8583</x>
        <y>-8.6205</y>
      </point>
      <point>
        <x>8.9491</x>
        <y>-8.6222</y>
      </point>
      <point>
        <x>12.6864</x>
        <y>-8.6898</y>
      </point>
      <point>
        <x>13.4961</x>
        <y>-8.7045</y>
      </point>
      <point>
        <x>15.7703</x>
        <y>-8.7457</y>
      </point>
      <point>
        <x>17.2676</x>
        <y>-8.8279</y>
      </point>
      <point>
        <x>18.211</x>
        <y>-8.8798</y>
      </point>
      <point>
        <x>19.6244</x>
        <y>-8.9575</y>
      </point>
      <point>
        <x>21.6789</x>
        <y>-8.9855</y>
      </point>
      <point>
        <x>22.4102</x>
        <y>-8.9955</y>
      </point>
      <point>
        <x>22.5167</x>
        <y>-8.997</y>
      </point>
      <point>
        <x>22.5893</x>
        <y>-8.998</y>
      </point>
      <point>
        <x>25.9616</x>
        <y>-9.044</y>
      </point>
      <point>
        <x>26.7584</x>
        <y>-9.0549</y>
      </point>
      <point>
        <x>26.8636</x>
        <y>-9.0563</y>
      </point>
      <point>
        <x>26.9392</x>
        <y>-9.0574</y>
      </point>
      <point>
        <x>29.9305</x>
        <y>-9.0982</y>
      </point>
      <point>
        <x>29.9604</x>
        <y>-9.0987</y>
      </point>
      <point>
        <x>30.4813</x>
        <y>-9.1088</y>
      </point>
      <point>
        <x>31.4432</x>
        <y>-9.1281</y>
      </point>
      <point>
        <x>33.8528</x>
        <y>-9.1762</y>
      </point>
      <point>
        <x>35.0531</x>
        <y>-9.2042</y>
      </point>
      <point>
        <x>35.8517</x>
        <y>-9.2228</y>
      </point>
      <point>
        <x>39.2233</x>
        <y>-9.3014</y>
      </point>
      <point>
        <x>40.2203</x>
        <y>-9.3246</y>
      </point>
      <point>
        <x>40.2987</x>
        <y>-9.3265</y>
      </point>
      <point>
        <x>40.3741</x>
        <y>-9.3282</y>
      </point>
      <point>
        <x>43.8149</x>
        <y>-9.4084</y>
      </point>
      <point>
        <x>43.9688</x>
        <y>-9.412</y>
      </point>
      <point>
        <x>44.5768</x>
        <y>-9.4246</y>
      </point>
      <point>
        <x>44.6615</x>
        <y>-9.4263</y>
      </point>
      <point>
        <x>44.7233</x>
        <y>-9.4276</y>
      </point>
      <point>
        <x>47.9521</x>
        <y>-9.4921</y>
      </point>
      <point>
        <x>47.9995</x>
        <y>-9.4937</y>
      </point>
      <point>
        <x>48.4116</x>
        <y>-9.5073</y>
      </point>
      <point>
        <x>49.3586</x>
        <y>-9.5393</y>
      </point>
      <point>
        <x>52.5839</x>
        <y>-9.6482</y>
      </point>
      <point>
        <x>53.4544</x>
        <y>-9.6776</y>
      </point>
      <point>
        <x>53.4913</x>
        <y>-9.6789</y>
      </point>
      <point>
        <x>53.5281</x>
        <y>-9.6801</y>
      </point>
      <point>
        <x>57.116</x>
        <y>-9.8013</y>
      </point>
      <point>
        <x>58.0603</x>
        <y>-9.8332</y>
      </point>
      <point>
        <x>59.1824</x>
        <y>-9.8711</y>
      </point>
      <point>
        <x>61.4383</x>
        <y>-9.9162</y>
      </point>
      <point>
        <x>62.2173</x>
        <y>-9.9318</y>
      </point>
      <point>
        <x>62.8526</x>
        <y>-9.9445</y>
      </point>
      <point>
        <x>65.6803</x>
        <y>-9.9779</y>
      </point>
      <point>
        <x>66.643</x>
        <y>-9.9889</y>
      </point>
      <point>
        <x>66.7621</x>
        <y>-9.9902</y>
      </point>
      <point>
        <x>66.8581</x>
        <y>-9.9913</y>
      </point>
      <point>
        <x>70.3667</x>
        <y>-10.0309</y>
      </point>
      <point>
        <x>71.1154</x>
        <y>-10.0394</y>
      </point>
      <point>
        <x>71.2319</x>
        <y>-10.0407</y>
      </point>
      <point>
        <x>71.3506</x>
        <y>-10.042</y>
      </point>
      <point>
        <x>73.1776</x>
        <y>-10.0626</y>
      </point>
      <point>
        <x>74.7928</x>
        <y>-10.0949</y>
      </point>
      <point>
        <x>75.5619</x>
        <y>-10.1103</y>
      </point>
      <point>
        <x>75.6495</x>
        <y>-10.1121</y>
      </point>
      <point>
        <x>75.7371</x>
        <y>-10.1138</y>
      </point>
      <point>
        <x>77.0368</x>
        <y>-10.1398</y>
      </point>
      <point>
        <x>79.2434</x>
        <y>-10.2103</y>
      </point>
      <point>
        <x>80.1877</x>
        <y>-10.2405</y>
      </point>
      <point>
        <x>85.9917</x>
        <y>-10.4258</y>
      </point>
      <point>
        <x>86.936</x>
        <y>-10.456</y>
      </point>
      <point>
        <x>86.9869</x>
        <y>-10.4576</y>
      </point>
      <point>
        <x>90.5751</x>
        <y>-10.5294</y>
      </point>
      <point>
        <x>91.1101</x>
        <y>-10.5315</y>
      </point>
      <point>
        <x>91.2627</x>
        <y>-10.5315</y>
      </point>
      <point>
        <x>91.3814</x>
        <y>-10.5311</y>
      </point>
      <point>
        <x>95.0703</x>
        <y>-10.5069</y>
      </point>
      <point>
        <x>95.4118</x>
        <y>-10.5046</y>
      </point>
      <point>
        <x>95.4303</x>
        <y>-10.5046</y>
      </point>
      <point>
        <x>95.9375</x>
        <y>-10.5078</y>
      </point>
      <point>
        <x>96.0524</x>
        <y>-10.5091</y>
      </point>
      <point>
        <x>96.114</x>
        <y>-10.5099</y>
      </point>
      <point>
        <x>96.1427</x>
        <y>-10.5104</y>
      </point>
      <point>
        <x>99.618</x>
        <y>-10.5795</y>
      </point>
      <point>
        <x>99.8756</x>
        <y>-10.5882</y>
      </point>
      <point>
        <x>100.8199</x>
        <y>-10.6203</y>
      </point>
      <point>
        <x>104.2592</x>
        <y>-10.7369</y>
      </point>
      <point>
        <x>105.2034</x>
        <y>-10.7689</y>
      </point>
      <point>
        <x>106.6169</x>
        <y>-10.8169</y>
      </point>
      <point>
        <x>108.8546</x>
        <y>-10.8616</y>
      </point>
      <point>
        <x>109.6305</x>
        <y>-10.8771</y>
      </point>
      <point>
        <x>109.7147</x>
        <y>-10.8788</y>
      </point>
      <point>
        <x>109.778</x>
        <y>-10.8801</y>
      </point>
      <point>
        <x>110.476</x>
        <y>-10.894</y>
      </point>
      <point>
        <x>113.4305</x>
        <y>-10.9895</y>
      </point>
      <point>
        <x>114.2926</x>
        <y>-11.0173</y>
      </point>
      <point>
        <x>114.3337</x>
        <y>-11.0186</y>
      </point>
      <point>
        <x>114.3747</x>
        <y>-11.02</y>
      </point>
      <point>
        <x>118.1115</x>
        <y>-11.1407</y>
      </point>
      <point>
        <x>118.9734</x>
        <y>-11.1685</y>
      </point>
      <point>
        <x>119.0146</x>
        <y>-11.1698</y>
      </point>
      <point>
        <x>119.0557</x>
        <y>-11.1712</y>
      </point>
      <point>
        <x>119.5343</x>
        <y>-11.1866</y>
      </point>
    </leftBound>
    <rightBound>
      <point>
        <x>-34.5155</x>
        <y>-11.1249</y>
      </point>
      <point>
        <x>-33.7068</x>
        <y>-11.1278</y>
      </point>
      <point>
        <x>-31.7375</x>
        <y>-11.1348</y>
      </point>
      <point>
        <x>-30.7936</x>
        <y>-11.1764</y>
      </point>
      <point>
        <x>-29.8899</x>
        <y>-11.1896</y>
      </point>
      <point>
        <x>-27.6269</x>
        <y>-11.2226</y>
      </point>
      <point>
        <x>-26.8798</x>
        <y>-11.2485</y>
      </point>
      <point>
        <x>-26.0699</x>
        <y>-11.2769</y>
      </point>
      <point>
        <x>-25.8614</x>
        <y>-11.2838</y>
      </point>
      <point>
        <x>-25.6522</x>
        <y>-11.2908</y>
      </point>
      <point>
        <x>-25.5805</x>
        <y>-11.2929</y>
      </point>
      <point>
        <x>-22.9033</x>
        <y>-11.3729</y>
      </point>
      <point>
        <x>-22.8647</x>
        <y>-11.3746</y>
      </point>
      <point>
        <x>-21.9594</x>
        <y>-11.4145</y>
      </point>
      <point>
        <x>-21.7909</x>
        <y>-11.4194</y>
      </point>
      <point>
        <x>-18.4775</x>
        <y>-11.514</y>
      </point>
      <point>
        <x>-17.6432</x>
        <y>-11.5501</y>
      </point>
      <point>
        <x>-17.5843</x>
        <y>-11.5517</y>
      </point>
      <point>
        <x>-17.4655</x>
        <y>-11.555</y>
      </point>
      <point>
        <x>-14.051</x>
        <y>-11.607</y>
      </point>
      <point>
        <x>-13.2588</x>
        <y>-11.6419</y>
      </point>
      <point>
        <x>-13.2116</x>
        <y>-11.6434</y>
      </point>
      <point>
        <x>-13.095</x>
        <y>-11.647</y>
      </point>
      <point>
        <x>-12.4865</x>
        <y>-11.6587</y>
      </point>
      <point>
        <x>-12.4759</x>
        <y>-11.6589</y>
      </point>
      <point>
        <x>-9.5802</x>
        <y>-11.7065</y>
      </point>
      <point>
        <x>-8.7148</x>
        <y>-11.7446</y>
      </point>
      <point>
        <x>-0.8073</x>
        <y>-11.9483</y>
      </point>
      <point>
        <x>0.0013332</x>
        <y>-11.9813</y>
      </point>
      <point>
        <x>0.043192</x>
        <y>-11.9826</y>
      </point>
      <point>
        <x>0.14766</x>
        <y>-11.9858</y>
      </point>
      <point>
        <x>1.407</x>
        <y>-12.0067</y>
      </point>
      <point>
        <x>1.4206</x>
        <y>-12.0069</y>
      </point>
      <point>
        <x>3.6006</x>
        <y>-12.0324</y>
      </point>
      <point>
        <x>4.5445</x>
        <y>-12.074</y>
      </point>
      <point>
        <x>5.306</x>
        <y>-12.0765</y>
      </point>
      <point>
        <x>8.0325</x>
        <y>-12.0853</y>
      </point>
      <point>
        <x>8.795</x>
        <y>-12.1189</y>
      </point>
      <point>
        <x>8.8089</x>
        <y>-12.1195</y>
      </point>
      <point>
        <x>12.575</x>
        <y>-12.2399</y>
      </point>
      <point>
        <x>13.4314</x>
        <y>-12.2765</y>
      </point>
      <point>
        <x>15.6474</x>
        <y>-12.3528</y>
      </point>
      <point>
        <x>17.0713</x>
        <y>-12.4007</y>
      </point>
      <point>
        <x>18.0152</x>
        <y>-12.4423</y>
      </point>
      <point>
        <x>19.6023</x>
        <y>-12.4523</y>
      </point>
      <point>
        <x>21.6314</x>
        <y>-12.4651</y>
      </point>
      <point>
        <x>22.3624</x>
        <y>-12.4973</y>
      </point>
      <point>
        <x>22.3918</x>
        <y>-12.4984</y>
      </point>
      <point>
        <x>22.4644</x>
        <y>-12.501</y>
      </point>
      <point>
        <x>25.9109</x>
        <y>-12.5823</y>
      </point>
      <point>
        <x>26.7098</x>
        <y>-12.6162</y>
      </point>
      <point>
        <x>26.7401</x>
        <y>-12.6172</y>
      </point>
      <point>
        <x>26.8156</x>
        <y>-12.6199</y>
      </point>
      <point>
        <x>29.8484</x>
        <y>-12.69</y>
      </point>
      <point>
        <x>29.9029</x>
        <y>-12.6913</y>
      </point>
      <point>
        <x>30.4107</x>
        <y>-12.7025</y>
      </point>
      <point>
        <x>31.3709</x>
        <y>-12.7444</y>
      </point>
      <point>
        <x>33.8952</x>
        <y>-12.7142</y>
      </point>
      <point>
        <x>34.9716</x>
        <y>-12.7013</y>
      </point>
      <point>
        <x>35.7698</x>
        <y>-12.7364</y>
      </point>
      <point>
        <x>39.1391</x>
        <y>-12.9106</y>
      </point>
      <point>
        <x>40.1357</x>
        <y>-12.956</y>
      </point>
      <point>
        <x>40.1973</x>
        <y>-12.9578</y>
      </point>
      <point>
        <x>40.3188</x>
        <y>-12.9612</y>
      </point>
      <point>
        <x>43.7309</x>
        <y>-13.0131</y>
      </point>
      <point>
        <x>43.8099</x>
        <y>-13.0166</y>
      </point>
      <point>
        <x>44.5019</x>
        <y>-13.0471</y>
      </point>
      <point>
        <x>44.5278</x>
        <y>-13.048</y>
      </point>
      <point>
        <x>44.5896</x>
        <y>-13.0503</y>
      </point>
      <point>
        <x>47.8537</x>
        <y>-13.139</y>
      </point>
      <point>
        <x>47.8792</x>
        <y>-13.1397</y>
      </point>
      <point>
        <x>48.2913</x>
        <y>-13.1506</y>
      </point>
      <point>
        <x>49.2352</x>
        <y>-13.1922</y>
      </point>
      <point>
        <x>52.4631</x>
        <y>-13.2233</y>
      </point>
      <point>
        <x>53.3334</x>
        <y>-13.2617</y>
      </point>
      <point>
        <x>53.3812</x>
        <y>-13.2631</y>
      </point>
      <point>
        <x>53.4425</x>
        <y>-13.265</y>
      </point>
      <point>
        <x>56.9962</x>
        <y>-13.3499</y>
      </point>
      <point>
        <x>57.9401</x>
        <y>-13.3915</y>
      </point>
      <point>
        <x>59.2421</x>
        <y>-13.3693</y>
      </point>
      <point>
        <x>61.3699</x>
        <y>-13.333</y>
      </point>
      <point>
        <x>62.1486</x>
        <y>-13.3673</y>
      </point>
      <point>
        <x>62.6915</x>
        <y>-13.3927</y>
      </point>
      <point>
        <x>65.6382</x>
        <y>-13.5328</y>
      </point>
      <point>
        <x>66.6024</x>
        <y>-13.5762</y>
      </point>
      <point>
        <x>66.6459</x>
        <y>-13.5776</y>
      </point>
      <point>
        <x>66.7419</x>
        <y>-13.5807</y>
      </point>
      <point>
        <x>70.3227</x>
        <y>-13.6438</y>
      </point>
      <point>
        <x>71.0743</x>
        <y>-13.6758</y>
      </point>
      <point>
        <x>71.1328</x>
        <y>-13.6774</y>
      </point>
      <point>
        <x>71.2515</x>
        <y>-13.6806</y>
      </point>
      <point>
        <x>73.136</x>
        <y>-13.7031</y>
      </point>
      <point>
        <x>74.7203</x>
        <y>-13.7179</y>
      </point>
      <point>
        <x>75.4891</x>
        <y>-13.7518</y>
      </point>
      <point>
        <x>75.5586</x>
        <y>-13.7535</y>
      </point>
      <point>
        <x>75.6969</x>
        <y>-13.757</y>
      </point>
      <point>
        <x>76.9967</x>
        <y>-13.7713</y>
      </point>
      <point>
        <x>79.129</x>
        <y>-13.7903</y>
      </point>
      <point>
        <x>80.073</x>
        <y>-13.8319</y>
      </point>
      <point>
        <x>85.8801</x>
        <y>-13.922</y>
      </point>
      <point>
        <x>86.824</x>
        <y>-13.9636</y>
      </point>
      <point>
        <x>86.98</x>
        <y>-13.9639</y>
      </point>
      <point>
        <x>90.5063</x>
        <y>-13.9708</y>
      </point>
      <point>
        <x>91.11</x>
        <y>-13.9974</y>
      </point>
      <point>
        <x>91.1597</x>
        <y>-13.9989</y>
      </point>
      <point>
        <x>91.2783</x>
        <y>-14.0024</y>
      </point>
      <point>
        <x>95.0412</x>
        <y>-14.0419</y>
      </point>
      <point>
        <x>95.2847</x>
        <y>-14.0506</y>
      </point>
      <point>
        <x>95.4352</x>
        <y>-14.056</y>
      </point>
      <point>
        <x>95.8952</x>
        <y>-14.0756</y>
      </point>
      <point>
        <x>95.9167</x>
        <y>-14.0765</y>
      </point>
      <point>
        <x>95.9783</x>
        <y>-14.0788</y>
      </point>
      <point>
        <x>96.0717</x>
        <y>-14.0824</y>
      </point>
      <point>
        <x>99.5217</x>
        <y>-14.1748</y>
      </point>
      <point>
        <x>99.7538</x>
        <y>-14.1809</y>
      </point>
      <point>
        <x>100.6977</x>
        <y>-14.2225</y>
      </point>
      <point>
        <x>104.1392</x>
        <y>-14.2727</y>
      </point>
      <point>
        <x>105.0831</x>
        <y>-14.3143</y>
      </point>
      <point>
        <x>106.5879</x>
        <y>-14.3267</y>
      </point>
      <point>
        <x>108.7849</x>
        <y>-14.3448</y>
      </point>
      <point>
        <x>109.5604</x>
        <y>-14.379</y>
      </point>
      <point>
        <x>109.5876</x>
        <y>-14.38</y>
      </point>
      <point>
        <x>109.6509</x>
        <y>-14.3823</y>
      </point>
      <point>
        <x>110.3848</x>
        <y>-14.4019</y>
      </point>
      <point>
        <x>113.318</x>
        <y>-14.4714</y>
      </point>
      <point>
        <x>114.1799</x>
        <y>-14.5094</y>
      </point>
      <point>
        <x>114.2007</x>
        <y>-14.5102</y>
      </point>
      <point>
        <x>114.2623</x>
        <y>-14.5125</y>
      </point>
      <point>
        <x>117.9987</x>
        <y>-14.6328</y>
      </point>
      <point>
        <x>118.8603</x>
        <y>-14.6707</y>
      </point>
      <point>
        <x>118.893</x>
        <y>-14.6719</y>
      </point>
      <point>
        <x>118.958</x>
        <y>-14.6741</y>
      </point>
      <point>
        <x>119.4507</x>
        <y>-14.6879</y>
      </point>
    </rightBound>
    <adjacentLeft ref="540" drivingDir="same"/>
    <adjacentRight ref="544" drivingDir="same"/>
    <laneletType>unknown</laneletType>
  </lanelet>
  <lanelet id="544">
    <leftBound>
      <point>
        <x>-34.5155</x>
        <y>-11.1249</y>
      </point>
      <point>
        <x>-31.7375</x>
        <y>-11.1348</y>
      </point>
      <point>
        <x>-30.7936</x>
        <y>-11.1764</y>
      </point>
      <point>
        <x>-27.3522</x>
        <y>-11.2266</y>
      </point>
      <point>
        <x>-26.4083</x>
        <y>-11.2682</y>
      </point>
      <point>
        <x>-22.9033</x>
        <y>-11.3729</y>
      </point>
      <point>
        <x>-21.9594</x>
        <y>-11.4145</y>
      </point>
      <point>
        <x>-18.4363</x>
        <y>-11.5152</y>
      </point>
      <point>
        <x>-17.4924</x>
        <y>-11.5568</y>
      </point>
      <point>
        <x>-14.051</x>
        <y>-11.607</y>
      </point>
      <point>
        <x>-13.1071</x>
        <y>-11.6486</y>
      </point>
      <point>
        <x>-12.2029</x>
        <y>-11.6634</y>
      </point>
      <point>
        <x>-9.5802</x>
        <y>-11.7065</y>
      </point>
      <point>
        <x>-8.6363</x>
        <y>-11.7481</y>
      </point>
      <point>
        <x>-5.156</x>
        <y>-11.8449</y>
      </point>
      <point>
        <x>-4.2121</x>
        <y>-11.8865</y>
      </point>
      <point>
        <x>-0.65653</x>
        <y>-11.9521</y>
      </point>
      <point>
        <x>0.28738</x>
        <y>-11.9937</y>
      </point>
      <point>
        <x>3.6006</x>
        <y>-12.0324</y>
      </point>
      <point>
        <x>4.5445</x>
        <y>-12.074</y>
      </point>
      <point>
        <x>7.9544</x>
        <y>-12.0851</y>
      </point>
      <point>
        <x>8.0958</x>
        <y>-12.0909</y>
      </point>
      <point>
        <x>8.9764</x>
        <y>-12.1269</y>
      </point>
      <point>
        <x>12.6704</x>
        <y>-12.2429</y>
      </point>
      <point>
        <x>13.6143</x>
        <y>-12.2845</y>
      </point>
      <point>
        <x>17.0713</x>
        <y>-12.4007</y>
      </point>
      <point>
        <x>18.0152</x>
        <y>-12.4423</y>
      </point>
      <point>
        <x>21.6314</x>
        <y>-12.4651</y>
      </point>
      <point>
        <x>22.5753</x>
        <y>-12.5067</y>
      </point>
      <point>
        <x>25.9793</x>
        <y>-12.5839</y>
      </point>
      <point>
        <x>26.9233</x>
        <y>-12.6255</y>
      </point>
      <point>
        <x>30.427</x>
        <y>-12.7028</y>
      </point>
      <point>
        <x>31.3055</x>
        <y>-12.7416</y>
      </point>
      <point>
        <x>31.3709</x>
        <y>-12.7444</y>
      </point>
      <point>
        <x>34.8444</x>
        <y>-12.7028</y>
      </point>
      <point>
        <x>35.0309</x>
        <y>-12.7098</y>
      </point>
      <point>
        <x>35.9155</x>
        <y>-12.7429</y>
      </point>
      <point>
        <x>39.3455</x>
        <y>-12.9213</y>
      </point>
      <point>
        <x>40.2894</x>
        <y>-12.9629</y>
      </point>
      <point>
        <x>43.7309</x>
        <y>-13.0131</y>
      </point>
      <point>
        <x>44.6748</x>
        <y>-13.0547</y>
      </point>
      <point>
        <x>48.2913</x>
        <y>-13.1506</y>
      </point>
      <point>
        <x>49.2352</x>
        <y>-13.1922</y>
      </point>
      <point>
        <x>52.4631</x>
        <y>-13.2233</y>
      </point>
      <point>
        <x>53.407</x>
        <y>-13.2649</y>
      </point>
      <point>
        <x>56.9962</x>
        <y>-13.3499</y>
      </point>
      <point>
        <x>57.9401</x>
        <y>-13.3915</y>
      </point>
      <point>
        <x>61.2259</x>
        <y>-13.3355</y>
      </point>
      <point>
        <x>61.4229</x>
        <y>-13.3425</y>
      </point>
      <point>
        <x>62.3138</x>
        <y>-13.3746</y>
      </point>
      <point>
        <x>65.8953</x>
        <y>-13.545</y>
      </point>
      <point>
        <x>66.8392</x>
        <y>-13.5866</y>
      </point>
      <point>
        <x>67.6597</x>
        <y>-13.6001</y>
      </point>
      <point>
        <x>70.3662</x>
        <y>-13.6445</y>
      </point>
      <point>
        <x>71.3101</x>
        <y>-13.6861</y>
      </point>
      <point>
        <x>74.7203</x>
        <y>-13.7179</y>
      </point>
      <point>
        <x>75.6642</x>
        <y>-13.7595</y>
      </point>
      <point>
        <x>79.129</x>
        <y>-13.7903</y>
      </point>
      <point>
        <x>80.073</x>
        <y>-13.8319</y>
      </point>
      <point>
        <x>85.8801</x>
        <y>-13.922</y>
      </point>
      <point>
        <x>86.824</x>
        <y>-13.9636</y>
      </point>
      <point>
        <x>90.5063</x>
        <y>-13.9708</y>
      </point>
      <point>
        <x>91.4502</x>
        <y>-14.0124</y>
      </point>
      <point>
        <x>95.152</x>
        <y>-14.0429</y>
      </point>
      <point>
        <x>96.0959</x>
        <y>-14.0845</y>
      </point>
      <point>
        <x>99.7538</x>
        <y>-14.1809</y>
      </point>
      <point>
        <x>100.6977</x>
        <y>-14.2225</y>
      </point>
      <point>
        <x>104.1392</x>
        <y>-14.2727</y>
      </point>
      <point>
        <x>105.0831</x>
        <y>-14.3143</y>
      </point>
      <point>
        <x>108.3245</x>
        <y>-14.341</y>
      </point>
      <point>
        <x>109.5787</x>
        <y>-14.3803</y>
      </point>
      <point>
        <x>109.6232</x>
        <y>-14.3817</y>
      </point>
      <point>
        <x>110.1233</x>
        <y>-14.3952</y>
      </point>
      <point>
        <x>110.2953</x>
        <y>-14.3998</y>
      </point>
      <point>
        <x>113.318</x>
        <y>-14.4714</y>
      </point>
      <point>
        <x>114.2619</x>
        <y>-14.513</y>
      </point>
      <point>
        <x>117.9987</x>
        <y>-14.6328</y>
      </point>
      <point>
        <x>118.9426</x>
        <y>-14.6744</y>
      </point>
      <point>
        <x>119.4507</x>
        <y>-14.6884</y>
      </point>
    </leftBound>
    <rightBound>
      <point>
        <x>-34.5975</x>
        <y>-14.8561</y>
      </point>
      <point>
        <x>-31.8226</x>
        <y>-14.9184</y>
      </point>
      <point>
        <x>-30.8782</x>
        <y>-14.9397</y>
      </point>
      <point>
        <x>-27.4374</x>
        <y>-15.017</y>
      </point>
      <point>
        <x>-26.493</x>
        <y>-15.0382</y>
      </point>
      <point>
        <x>-22.9874</x>
        <y>-15.117</y>
      </point>
      <point>
        <x>-22.043</x>
        <y>-15.1382</y>
      </point>
      <point>
        <x>-18.5195</x>
        <y>-15.2174</y>
      </point>
      <point>
        <x>-17.5752</x>
        <y>-15.2386</y>
      </point>
      <point>
        <x>-14.1344</x>
        <y>-15.3159</y>
      </point>
      <point>
        <x>-13.19</x>
        <y>-15.3371</y>
      </point>
      <point>
        <x>-12.2635</x>
        <y>-15.358</y>
      </point>
      <point>
        <x>-9.6695</x>
        <y>-15.4203</y>
      </point>
      <point>
        <x>-8.7252</x>
        <y>-15.443</y>
      </point>
      <point>
        <x>-5.2446</x>
        <y>-15.5267</y>
      </point>
      <point>
        <x>-4.3002</x>
        <y>-15.5494</y>
      </point>
      <point>
        <x>-0.74508</x>
        <y>-15.6349</y>
      </point>
      <point>
        <x>0.19928</x>
        <y>-15.6576</y>
      </point>
      <point>
        <x>3.5115</x>
        <y>-15.7372</y>
      </point>
      <point>
        <x>4.4559</x>
        <y>-15.7599</y>
      </point>
      <point>
        <x>7.8641</x>
        <y>-15.8418</y>
      </point>
      <point>
        <x>7.9422</x>
        <y>-15.8437</y>
      </point>
      <point>
        <x>8.8865</x>
        <y>-15.8664</y>
      </point>
      <point>
        <x>12.5811</x>
        <y>-15.9553</y>
      </point>
      <point>
        <x>13.5255</x>
        <y>-15.978</y>
      </point>
      <point>
        <x>16.9833</x>
        <y>-16.0611</y>
      </point>
      <point>
        <x>17.9276</x>
        <y>-16.0838</y>
      </point>
      <point>
        <x>21.5423</x>
        <y>-16.1707</y>
      </point>
      <point>
        <x>22.4866</x>
        <y>-16.1934</y>
      </point>
      <point>
        <x>25.8906</x>
        <y>-16.2753</y>
      </point>
      <point>
        <x>26.835</x>
        <y>-16.298</y>
      </point>
      <point>
        <x>30.3385</x>
        <y>-16.3822</y>
      </point>
      <point>
        <x>31.1442</x>
        <y>-16.4016</y>
      </point>
      <point>
        <x>31.2916</x>
        <y>-16.4048</y>
      </point>
      <point>
        <x>34.7626</x>
        <y>-16.4799</y>
      </point>
      <point>
        <x>34.8897</x>
        <y>-16.4827</y>
      </point>
      <point>
        <x>35.8341</x>
        <y>-16.5031</y>
      </point>
      <point>
        <x>39.2663</x>
        <y>-16.5775</y>
      </point>
      <point>
        <x>40.2107</x>
        <y>-16.5979</y>
      </point>
      <point>
        <x>43.6517</x>
        <y>-16.6725</y>
      </point>
      <point>
        <x>44.596</x>
        <y>-16.6929</y>
      </point>
      <point>
        <x>48.2129</x>
        <y>-16.7712</y>
      </point>
      <point>
        <x>49.1573</x>
        <y>-16.7917</y>
      </point>
      <point>
        <x>52.3843</x>
        <y>-16.8616</y>
      </point>
      <point>
        <x>53.3287</x>
        <y>-16.882</y>
      </point>
      <point>
        <x>56.918</x>
        <y>-16.9598</y>
      </point>
      <point>
        <x>57.8624</x>
        <y>-16.9802</y>
      </point>
      <point>
        <x>61.1454</x>
        <y>-17.0513</y>
      </point>
      <point>
        <x>61.2893</x>
        <y>-17.0545</y>
      </point>
      <point>
        <x>62.2337</x>
        <y>-17.0749</y>
      </point>
      <point>
        <x>65.8171</x>
        <y>-17.1525</y>
      </point>
      <point>
        <x>66.7615</x>
        <y>-17.173</y>
      </point>
      <point>
        <x>67.6008</x>
        <y>-17.1911</y>
      </point>
      <point>
        <x>70.2864</x>
        <y>-17.2505</y>
      </point>
      <point>
        <x>71.2308</x>
        <y>-17.2714</y>
      </point>
      <point>
        <x>74.64</x>
        <y>-17.3468</y>
      </point>
      <point>
        <x>75.5844</x>
        <y>-17.3677</y>
      </point>
      <point>
        <x>79.0482</x>
        <y>-17.4443</y>
      </point>
      <point>
        <x>79.9926</x>
        <y>-17.4652</y>
      </point>
      <point>
        <x>85.7988</x>
        <y>-17.5937</y>
      </point>
      <point>
        <x>86.7432</x>
        <y>-17.6146</y>
      </point>
      <point>
        <x>90.4239</x>
        <y>-17.696</y>
      </point>
      <point>
        <x>91.3683</x>
        <y>-17.7169</y>
      </point>
      <point>
        <x>95.0689</x>
        <y>-17.7987</y>
      </point>
      <point>
        <x>96.0133</x>
        <y>-17.8196</y>
      </point>
      <point>
        <x>99.6715</x>
        <y>-17.9005</y>
      </point>
      <point>
        <x>100.6159</x>
        <y>-17.9214</y>
      </point>
      <point>
        <x>104.0568</x>
        <y>-17.9975</y>
      </point>
      <point>
        <x>105.0012</x>
        <y>-18.0184</y>
      </point>
      <point>
        <x>108.2936</x>
        <y>-18.0912</y>
      </point>
      <point>
        <x>109.3507</x>
        <y>-18.1648</y>
      </point>
      <point>
        <x>109.4561</x>
        <y>-18.1724</y>
      </point>
      <point>
        <x>110.0206</x>
        <y>-18.213</y>
      </point>
      <point>
        <x>110.1583</x>
        <y>-18.218</y>
      </point>
      <point>
        <x>113.1882</x>
        <y>-18.3267</y>
      </point>
      <point>
        <x>114.1325</x>
        <y>-18.3585</y>
      </point>
      <point>
        <x>117.869</x>
        <y>-18.4842</y>
      </point>
      <point>
        <x>118.8133</x>
        <y>-18.516</y>
      </point>
      <point>
        <x>119.3588</x>
        <y>-18.5344</y>
      </point>
    </rightBound>
    <adjacentLeft ref="542" drivingDir="same"/>
    <laneletType>unknown</laneletType>
  </lanelet>
  <dynamicObstacle id="484">
    <type>car</type>
    <shape>
      <rectangle>
        <length>5.1816</length>
        <width>1.4935</width>
      </rectangle>
    </shape>
    <initialState>
      <position>
        <point>
          <x>8.746</x>
          <y>2.7962</y>
        </point>
      </position>
      <orientation>
        <exact>0.00698</exact>
      </orientation>
      <time>
        <exact>0</exact>
      </time>
      <velocity>
        <exact>15.7033</exact>
      </velocity>
      <acceleration>
        <exact>0.32004</exact>
      </acceleration>
    </initialState>
    <trajectory>
      <state>
        <position>
          <point>
            <x>10.2588</x>
            <y>2.7785</y>
          </point>
        </position>
        <orientation>
          <exact>-0.00053</exact>
        </orientation>
        <time>
          <exact>1</exact>
        </time>
        <velocity>
          <exact>15.7429</exact>
        </velocity>
        <acceleration>
          <exact>0.89002</exact>
        </acceleration>
      </state>
    </trajectory>
  </dynamicObstacle>
  <dynamicObstacle id="489">
    <type>car</type>
    <shape>
      <rectangle>
        <length>5.4864</length>
        <width>1.7983</width>
      </rectangle>
    </shape>
    <initialState>
      <position>
        <point>
          <x>-19.8438</x>
          <y>2.8895</y>
        </point>
      </position>
      <orientation>
        <exact>0.0002</exact>
      </orientation>
      <time>
        <exact>0</exact>
      </time>
      <velocity>
        <exact>16.764</exact>
      </velocity>
      <acceleration>
        <exact>0.0</exact>
      </acceleration>
    </initialState>
    <trajectory>
      <state>
        <position>
          <point>
            <x>-18.2112</x>
            <y>2.8592</y>
          </point>
        </position>
        <orientation>
          <exact>0.0</exact>
        </orientation>
        <time>
          <exact>1</exact>
        </time>
        <velocity>
          <exact>16.764</exact>
        </velocity>
        <acceleration>
          <exact>0.0</exact>
        </acceleration>
      </state>
    </trajectory>
  </dynamicObstacle>
  <planningProblem id="482">
    <initialState>
      <position>
        <point>
          <x>0.0</x>
          <y>0.0</y>
        </point>
      </position>
      <orientation>
        <exact>0.0</exact>
      </orientation>
      <time>
        <exact>0</exact>
      </time>
      <velocity>
        <exact>13.7251</exact>
      </velocity>
      <yawRate>
        <exact>0.0</exact>
      </yawRate>
      <slipAngle>
        <exact>0.0</exact>
      </slipAngle>
    </initialState>
    <goalState>
      <position>
        <lanelet ref="534"/>
      </position>
      <orientation>
        <intervalStart>-0.08065</intervalStart>
        <intervalEnd>0.09388</intervalEnd>
      </orientation>
      <time>
        <intervalStart>45</intervalStart>
        <intervalEnd>75</intervalEnd>
      </time>
      <velocity>
        <intervalStart>11.9169</intervalStart>
        <intervalEnd>17.9169</intervalEnd>
      </velocity>
    </goalState>
  </planningProblem>
</commonRoad>
